conformity_tbec2018,tw,lw,hw,M/(V.lw),hw/lw,P/(Ag.fc),fc,Agb,Ag,Agb/Ag,ρbl.fybl,ρsh.fysh,ρl.fyl,ρt.fyt,v_test,failure_mode
0.0,152.4,3048.0,3657.6,1.73,1.2,0.12,29.4,77419.2,464515.2,0.17,15.87,4.27,1.42,1.42,936.3667648,2.0
0.0,85.0,1200.0,2000.0,1.67,1.67,0.12,65.0,32400.0,136200.0,0.24,8.02,4.49,3.17,3.17,348.73525,2.0
0.0,200.0,1500.0,2000.0,2.0,1.33,0.08,34.2,50000.0,300000.0,0.17,5.13,1.19,0.96,0.96,414.5,3.0
0.0,130.0,850.0,1700.0,2.0,2.0,0.2,28.2,52000.0,180700.0,0.29,11.18,3.61,1.44,2.37,372.5,3.0
0.0,200.0,1500.0,3000.0,2.0,2.0,0.07,36.5,60000.0,300000.0,0.2,39.33,0.0,3.75,4.5,1959.77,1.0
0.0,100.0,1200.0,1800.0,1.5,1.5,0.0,27.5,24000.0,120000.0,0.2,9.8,5.9,3.2,3.2,186.6725,3.0
0.0,102.0,1220.0,3360.0,2.75,2.75,0.1,41.7,45390.0,124440.0,0.36,6.02,8.84,1.73,1.92,367.0,3.0
0.0,120.0,2121.0,1750.0,1.0,0.825082508,0.083108147,33.14,120000.0,345720.0,0.347101701,17.712,0.0,4.797,4.797,1755.0,1.0
0.0,100.0,1300.0,1800.0,0.69,1.38,0.0,17.6,10404.0,130408.0,0.08,35.79,0.0,0.93,0.93,271.00515,1.0
0.0,200.0,1300.0,2700.0,2.08,2.08,0.0,28.3,41400.0,260000.0,0.16,15.87,4.69,3.05,3.03,421.5755,2.0
0.0,203.0,3050.0,1006.0,0.33,0.33,0.0,34.06,0.0,619150.0,0.0,0.0,0.0,3.64,3.41,2184.1051,1.0
0.0,80.0,1700.0,2000.0,1.33,1.18,0.14,93.6,40000.0,184000.0,0.22,16.6,29.96,5.28,5.28,1468.0,2.0
0.0,100.0,1000.0,2100.0,2.1,2.1,0.17,86.02,33000.0,100000.0,0.33,10.01,37.1,1.24,3.63,383.1,3.0
0.0,23.0,430.0,150.0,0.5,0.348837209,0.0,19.9,8700.0,17210.0,0.505520046,2.81,0.2814,2.26,2.26,30.0,1.0
0.0,80.0,1700.0,2000.0,2.0,1.18,0.21,62.6,40000.0,184000.0,0.22,18.14,8.55,6.41,6.41,1048.5,2.0
0.0,200.0,1000.0,2600.0,2.6,2.6,0.23,30.97,40000.0,200000.0,0.2,6.51,1.72,1.87,1.68,410.25,3.0
0.0,125.0,850.0,1600.0,1.88,1.88,0.16,26.46,28125.0,106250.0,0.26,4.92,3.34,1.58,1.68,163.40565,3.0
0.0,150.0,2120.0,1000.0,0.47,0.47,0.08,25.0,60000.0,402000.0,0.15,19.88,4.46,4.46,4.46,2187.0,1.0
0.0,130.0,850.0,1700.0,2.0,2.0,0.5,28.2,52000.0,180700.0,0.29,11.18,3.61,1.44,2.37,517.85,2.0
1.0,200.0,1300.0,2800.0,2.15,2.15,0.05,49.1,41200.0,260000.0,0.16,6.85,1.29,1.61,2.28,356.5,3.0
0.0,75.0,700.0,1600.0,2.5,2.29,0.15,27.4,7500.0,52500.0,0.14,15.91,0.0,3.58,2.42,110.5113358,2.0
1.0,150.0,2149.0,1001.0,0.6,0.465798046,0.087391753,41.0,300000.0,577350.0,0.519615485,2.532,4.8952,2.532,2.532,2190.0,1.0
0.0,100.0,1000.0,2000.0,2.0,2.0,0.1,23.0,50000.0,180000.0,0.28,5.44,2.39,2.97,2.99,278.895,3.0
0.0,100.0,2650.0,2400.0,0.91,0.91,0.04,17.16,25000.0,265000.0,0.09,6.84,0.0,1.37,1.37,456.249,3.0
0.0,150.0,1500.0,4200.0,2.8,2.8,0.0,28.28,90000.0,315000.0,0.29,3.42,4.27,1.47,1.22,108.0,3.0
1.0,203.2,2032.0,2032.0,1.0,1.0,0.0,39.0,51612.8,412902.4,0.13,17.79,5.51,1.38,1.53,1098.5,2.0
0.0,80.0,1300.0,1800.0,0.69,1.38,0.0,16.4,10404.0,108488.0,0.1,28.36,0.0,0.92,0.92,199.0,1.0
1.0,150.0,3500.0,1800.0,0.51,0.51,0.0,22.6,150000.0,675000.0,0.22,10.79,4.68,3.74,1.05,2131.0,1.0
0.0,75.0,1000.0,2800.0,2.8,2.8,0.1,24.9,10500.0,75000.0,0.14,7.3,2.84,3.2,3.2,89.6825,3.0
0.0,100.0,3000.0,1500.0,0.5,0.5,0.0,27.2,20000.0,300000.0,0.07,7.12,4.3,2.54,6.36,769.9564083,1.0
0.0,200.0,1500.0,750.0,0.5,0.5,0.07,44.6,20000.0,300000.0,0.07,58.99,0.0,4.31,4.34,2532.06,1.0
0.0,80.0,1700.0,2000.0,2.0,1.18,0.21,68.6,40000.0,184000.0,0.22,18.14,8.55,6.41,6.41,1041.05,2.0
0.0,130.0,850.0,920.0,1.08,1.08,0.5,26.1,52000.0,180700.0,0.29,9.05,2.12,1.44,2.78,828.4724,1.0
0.0,80.0,1700.0,3000.0,2.0,1.76,0.18,65.2,40000.0,184000.0,0.22,29.48,18.15,3.97,3.97,1034.22,2.0
0.0,100.0,1500.0,1000.0,0.67,0.67,0.0,35.9,150000.0,430000.0,0.35,6.96,2.38,5.37,2.37,863.4685,1.0
0.0,30.0,430.0,150.0,0.35,0.35,0.0,16.9,4500.0,20100.0,0.22,2.61,0.65,1.31,1.31,23.5906278,1.0
0.0,152.0,1000.0,3750.0,3.75,3.75,0.1,38.7,35036.0,152000.0,0.23,30.83,1.87,2.39,3.22,330.8135,3.0
0.0,130.0,850.0,1700.0,2.0,2.0,0.2,28.2,52000.0,180700.0,0.29,9.05,3.61,1.44,2.37,301.5,3.0
0.0,100.0,1500.0,2150.0,1.43,1.43,0.0,36.6,62500.0,225000.0,0.28,10.83,1.0,1.77,2.36,462.8,1.0
0.0,90.0,1802.0,3990.0,2.21,2.21,0.03,41.0,7380.0,162180.0,0.05,16.13,6.65,12.02,6.65,345.6298,2.0
0.0,80.0,3000.0,2300.0,0.77,0.77,0.0,27.3,62500.0,325000.0,0.19,9.33,2.92,0.01,1.31,660.02,1.0
0.0,200.0,1500.0,1500.0,1.0,1.0,0.07,46.0,40000.0,300000.0,0.13,12.96,35.48,2.36,1.69,1112.395,1.0
0.0,101.6,1905.0,476.25,0.25,0.25,0.0,25.72,62220.0,297261.6,0.21,21.94,4.57,2.69,2.54,1176.15,2.0
0.0,101.6,1905.0,4572.0,2.39,2.4,0.09,44.13,93025.0,317622.0,0.29,15.79,5.03,1.12,2.53,982.348,2.0
0.0,120.0,1500.0,750.0,0.5,0.5,0.0,29.0,15600.0,180000.0,0.09,24.36,0.0,3.97,3.97,812.609,1.0
0.0,203.2,1524.0,3657.6,2.4,2.4,0.09,32.0,44000.0,309676.8,0.14,41.05,0.0,2.7,3.2,698.0,3.0
0.0,120.0,2121.0,749.0,0.5,0.353135314,0.068659624,40.4,120000.0,345720.0,0.347101701,17.712,0.0,4.797,4.797,2668.0,1.0
1.0,150.0,2149.0,1400.0,0.8,0.651465798,0.080337711,44.6,300000.0,577350.0,0.519615485,5.28,6.1248,5.28,5.28,2430.0,1.0
0.0,200.0,1280.0,2360.0,2.0,1.84,0.13,45.9,43200.0,256000.0,0.17,12.11,3.87,1.61,1.8,653.0,3.0
0.0,200.0,1500.0,3000.0,2.0,2.0,0.07,38.1,40000.0,300000.0,0.13,65.12,0.0,4.61,3.93,1429.84,2.0
0.0,150.0,2149.0,1400.0,0.8,0.651465798,0.094291102,38.0,300000.0,577350.0,0.519615485,2.368,3.4336,2.368,2.368,1680.0,1.0
0.0,60.0,1000.0,3000.0,3.0,3.0,0.2,15.4,14400.0,74400.0,0.19,17.19,3.15,1.89,1.89,110.85,3.0
0.0,120.0,3500.0,1800.0,0.51,0.51,0.0,13.9,150000.0,600000.0,0.25,10.79,4.68,0.72,0.72,1145.0,1.0
0.0,101.6,1016.0,1320.8,1.5,1.3,0.0,42.75,10322.56,103225.6,0.1,60.42,2.06,4.14,4.04,500.15,3.0
0.0,200.0,1500.0,3500.0,2.33,2.33,0.07,39.2,40000.0,300000.0,0.13,2.35,2.94,0.98,2.94,443.16505,2.0
0.0,120.0,2121.0,749.0,0.5,0.353135314,0.078271907,35.79,120000.0,345720.0,0.347101701,17.712,0.0,6.273,6.273,2511.0,1.0
0.0,26.0,900.0,510.0,0.57,0.57,0.02,61.2,22500.0,60600.0,0.37,8.73,1.77,5.97,10.23,361.3137287,2.0
0.0,100.0,1200.0,1800.0,1.5,1.5,0.07,24.1,24000.0,120000.0,0.2,7.35,3.79,1.59,1.59,173.0689602,3.0
0.0,125.0,1000.0,2000.0,2.0,2.0,0.3,30.8,25000.0,125000.0,0.2,6.77,3.51,1.76,1.68,294.38472,3.0
0.0,203.2,1524.0,3657.6,2.4,2.4,0.09,32.0,38000.0,309676.8,0.12,48.57,0.0,2.65,2.78,749.5,3.0
0.0,100.0,1200.0,1200.0,1.0,1.0,0.1,32.6,30000.0,120000.0,0.25,5.44,10.89,4.54,5.44,360.224655,2.0
0.0,75.0,1000.0,1000.0,1.0,1.0,0.1,86.0,37500.0,135000.0,0.28,34.4,0.39,6.67,6.67,1189.0,1.0
0.0,150.0,1400.0,2000.0,1.43,1.43,0.01,46.6,0.0,210000.0,0.0,0.0,0.0,7.73,2.02,787.4,1.0
0.0,100.0,1200.0,1200.0,1.0,1.0,0.1,37.1,30000.0,120000.0,0.25,5.44,0.0,4.54,5.44,372.6167368,2.0
0.0,203.0,3050.0,1647.0,0.54,0.54,0.0,31.37,0.0,619150.0,0.0,0.0,0.0,8.14,7.62,2599.9586,1.0
0.0,75.0,1000.0,1000.0,1.0,1.0,0.1,86.0,37500.0,135000.0,0.28,34.4,0.39,2.52,2.42,994.5,1.0
0.0,80.0,1400.0,1700.0,2.0,1.21,0.09,79.4,40000.0,160000.0,0.25,13.66,4.35,10.03,10.0,688.773655,3.0
0.0,125.0,750.0,1400.0,1.87,1.87,0.0,31.12,24125.0,93750.0,0.26,0.0,4.57,2.9,0.62,153.65,3.0
0.0,130.0,850.0,580.0,0.68,0.68,0.2,26.1,52000.0,180700.0,0.29,9.05,2.12,1.44,2.78,924.91655,1.0
1.0,100.0,1000.0,2000.0,2.0,2.0,0.05,96.8,60000.0,196000.0,0.31,24.44,3.78,6.09,1.69,699.26995,1.0
0.0,75.0,900.0,2250.0,2.5,2.5,0.1,30.08,13500.0,67500.0,0.2,19.6,3.35,2.41,2.89,134.076285,3.0
0.0,152.0,1370.0,1220.0,0.44,0.89,0.05,31.9,19456.0,208240.0,0.09,5.78,0.0,1.12,1.21,655.15,1.0
0.0,100.0,700.0,1550.0,2.36,2.21,0.15,117.0,12500.0,70000.0,0.18,14.18,4.66,1.73,1.94,330.6679214,3.0
0.0,90.0,430.0,725.0,2.79,1.69,0.4,34.8,1440.0,38700.0,0.04,109.69,4.67,11.43,4.31,114.0,2.0
0.0,180.0,1250.0,3125.0,2.5,2.5,0.29,16.5,10800.0,225000.0,0.05,13.01,0.0,0.76,1.08,229.34,3.0
0.0,200.0,1500.0,1500.0,1.0,1.0,0.07,46.0,60000.0,300000.0,0.2,59.33,0.0,4.31,3.36,2290.8,1.0
0.0,130.0,850.0,2200.0,2.59,2.59,0.5,28.2,52000.0,180700.0,0.29,11.18,3.61,1.44,2.37,372.65,3.0
0.0,100.0,1500.0,1000.0,0.67,0.67,0.05,35.9,150000.0,430000.0,0.35,6.96,2.38,5.37,2.37,1000.615385,1.0
0.0,100.0,1200.0,1200.0,1.0,1.0,0.1,29.1,30000.0,120000.0,0.25,5.44,5.44,4.54,5.44,403.039925,2.0
0.0,152.0,1219.0,1829.0,1.5,1.5,0.06,55.8,34808.0,185288.0,0.19,26.44,3.53,3.25,3.25,841.0,2.0
1.0,200.0,1500.0,2700.0,1.8,1.8,0.09,35.4,50000.0,300000.0,0.17,4.11,1.18,1.5,1.88,363.0122,3.0
1.0,150.0,2149.0,1400.0,0.8,0.651465798,0.127966496,28.0,300000.0,577350.0,0.519615485,5.28,6.1248,5.28,5.28,2040.0,1.0
0.0,75.0,1000.0,1000.0,1.0,1.0,0.0,96.0,37500.0,135000.0,0.28,34.4,0.39,4.17,4.04,728.5,1.0
0.0,101.6,1905.0,4572.0,2.39,2.4,0.07,45.58,92820.0,358461.6,0.26,8.61,2.54,0.96,2.54,876.1075,2.0
0.0,100.0,700.0,1180.0,1.9,1.69,0.15,27.4,10000.0,70000.0,0.14,14.73,0.0,2.69,2.66,189.8763372,2.0
1.0,100.0,1000.0,1000.0,1.0,1.0,0.05,110.7,60000.0,196000.0,0.31,24.44,3.78,2.22,4.62,1430.805,1.0
0.0,150.0,2149.0,1400.0,0.8,0.651465798,0.146247424,24.5,300000.0,577350.0,0.519615485,3.552,3.4336,3.552,3.552,1800.0,1.0
0.0,152.0,1370.0,1220.0,0.44,0.89,0.0,29.9,19456.0,208240.0,0.09,5.78,0.0,1.12,1.21,404.32,1.0
0.0,200.0,1500.0,1500.0,1.0,1.0,0.07,52.9,40000.0,300000.0,0.13,13.99,44.98,2.55,1.87,1113.315,1.0
0.0,80.0,1700.0,2000.0,1.33,1.18,0.16,71.5,40000.0,184000.0,0.22,51.1,33.12,7.83,7.83,1499.0,1.0
0.0,100.0,700.0,1550.0,2.36,2.21,0.15,117.0,12500.0,70000.0,0.18,14.18,4.66,1.73,1.94,223.0,3.0
1.0,200.0,1500.0,750.0,0.5,0.5,0.07,37.4,20000.0,300000.0,0.07,8.45,22.74,3.9,4.52,1454.155,2.0
0.0,23.0,430.0,150.0,0.35,0.35,0.0,17.9,4350.0,17210.0,0.25,2.84,0.71,1.79,1.79,24.33134553,1.0
0.0,125.0,1500.0,2250.0,1.5,1.5,0.08,27.6,57600.0,242700.0,0.24,3.73,0.0,1.34,1.07,323.9,3.0
0.0,100.0,1500.0,1795.0,1.2,1.2,0.03,40.2,33000.0,150000.0,0.22,4.86,10.02,2.86,2.0,187.1,3.0
0.0,101.6,1905.0,4572.0,2.39,2.4,0.08,45.64,93025.0,317622.0,0.29,11.46,5.18,1.15,2.6,682.896,2.0
0.0,125.0,1000.0,2000.0,2.0,2.0,0.3,20.7,27500.0,125000.0,0.22,6.16,2.63,1.68,1.68,233.55,3.0
0.0,130.0,1500.0,2250.0,2.25,1.5,0.05,27.3,62500.0,255000.0,0.25,14.79,4.73,3.63,3.63,870.2970297,1.0
0.0,100.0,1200.0,1800.0,1.5,1.5,0.0,26.1,24000.0,120000.0,0.2,9.8,3.79,3.2,3.2,197.0,3.0
0.0,75.0,2700.0,1400.0,0.65,0.52,0.0,83.6,62500.0,290000.0,0.22,9.16,1.87,2.08,2.08,1109.01365,3.0
0.0,140.0,1100.0,2550.0,2.43,2.32,0.32,44.74,33600.0,154000.0,0.22,7.15,3.16,2.63,3.16,427.15,3.0
0.0,200.0,1280.0,2360.0,2.0,1.84,0.13,45.9,43200.0,256000.0,0.17,12.11,3.87,4.52,3.86,740.0,3.0
0.0,152.4,3048.0,3657.6,2.37,1.2,0.1,36.0,77419.2,464515.2,0.17,19.89,4.27,1.42,1.42,807.8541053,2.0
0.0,101.6,1905.0,4572.0,2.39,2.4,0.0,53.64,93025.0,317622.0,0.29,15.08,0.59,1.29,2.91,676.0867,2.0
0.0,80.0,1700.0,3000.0,2.0,1.76,0.21,54.6,40000.0,184000.0,0.22,23.95,18.15,1.99,1.99,784.0,2.0
1.0,120.0,1720.0,1080.0,0.8,0.63,0.04,82.3,96000.0,369600.0,0.26,6.65,1.0,6.65,6.65,2080.67645,1.0
0.0,100.0,700.0,1600.0,2.5,2.29,0.15,27.4,0.0,70000.0,0.0,0.0,0.0,6.4,2.66,132.1326921,2.0
0.0,80.0,1700.0,2000.0,1.33,1.18,0.16,74.1,40000.0,184000.0,0.22,51.1,33.12,9.21,9.21,1412.0,1.0
0.0,90.0,430.0,725.0,2.79,1.69,0.2,60.9,1440.0,38700.0,0.04,109.69,4.67,11.43,4.31,122.0,2.0
0.0,200.0,1500.0,3000.0,2.0,2.0,0.07,26.1,40000.0,300000.0,0.13,65.19,0.0,3.98,2.69,1401.45,2.0
0.0,24.0,430.0,330.0,0.77,0.77,0.0,23.9,4350.0,17580.0,0.25,6.19,1.85,2.12,2.12,27.92259077,1.0
0.0,75.0,1000.0,1000.0,1.0,1.0,0.11,83.0,37500.0,135000.0,0.28,34.4,0.39,5.02,4.67,1110.15,1.0
0.0,200.0,1500.0,1500.0,1.0,1.0,0.07,52.9,60000.0,300000.0,0.2,58.99,0.0,4.69,4.52,2143.69,1.0
0.0,300.0,1200.0,3250.0,1.0,2.71,0.07,25.9,22500.0,360000.0,0.06,18.74,0.0,0.68,0.48,186.65,1.0
0.0,75.0,1000.0,1000.0,1.0,1.0,0.09,96.0,37500.0,135000.0,0.28,34.4,0.39,4.17,4.04,1103.0,1.0
0.0,150.0,2000.0,4560.0,2.28,2.28,0.13,38.3,39000.0,300000.0,0.13,4.51,4.15,1.09,1.3,427.65085,3.0
0.0,80.0,1400.0,2400.0,1.71,1.71,0.22,42.5,40000.0,160000.0,0.25,13.66,6.22,10.03,10.0,748.067625,2.0
0.0,150.0,2149.0,1400.0,0.8,0.651465798,0.130768682,27.4,300000.0,577350.0,0.519615485,4.736,3.4336,4.736,4.736,1980.0,1.0
0.0,80.0,1700.0,2000.0,0.66,1.18,0.12,137.5,40000.0,184000.0,0.22,16.28,32.57,5.69,5.69,1760.368664,1.0
0.0,70.0,880.0,500.0,0.57,0.57,0.0,30.2,13600.0,77600.0,0.18,9.31,7.9,2.3,3.61,200.0,1.0
0.0,90.0,1802.0,3990.0,2.21,2.21,0.04,28.3,11430.0,162180.0,0.07,7.62,6.65,5.62,3.33,201.1229,3.0
0.0,100.0,700.0,1550.0,2.36,2.21,0.25,117.0,12500.0,70000.0,0.18,14.18,4.66,1.73,1.94,363.5473855,2.0
0.0,80.0,1700.0,1200.0,0.35,0.71,0.0,17.1,10404.0,140488.0,0.07,21.65,0.0,0.92,0.46,257.5,1.0
0.0,120.0,1500.0,750.0,0.5,0.5,0.0,23.7,15600.0,180000.0,0.09,22.66,0.0,1.64,1.64,634.4465,1.0
0.0,50.0,2250.0,1875.0,0.83,0.83,0.07,24.6,62500.0,212500.0,0.29,2.91,1.41,2.35,4.7,466.8,3.0
0.0,100.0,1000.0,2100.0,2.1,2.1,0.17,75.35,25000.0,100000.0,0.25,12.91,21.67,1.68,3.63,384.8,3.0
0.0,152.0,1370.0,1220.0,0.44,0.89,0.05,32.0,19456.0,208240.0,0.09,5.78,0.0,1.12,1.21,682.5,1.0
0.0,100.0,1400.0,1400.0,0.5,1.0,0.0,16.3,10404.0,140408.0,0.07,27.97,0.0,0.92,0.46,249.3656775,1.0
0.0,150.0,2000.0,4560.0,2.28,2.28,0.04,48.01,39000.0,300000.0,0.13,10.07,0.0,2.86,1.24,442.420165,3.0
0.0,100.0,1200.0,1200.0,1.0,1.0,0.1,28.0,44000.0,120000.0,0.37,0.0,0.0,4.54,5.44,349.2753737,2.0
0.0,101.6,1905.0,4572.0,2.39,2.4,0.0,38.47,92820.0,358461.6,0.26,16.99,1.1,1.27,3.28,807.7075,2.0
1.0,25.0,430.0,150.0,0.35,0.35,0.0,26.5,4350.0,17950.0,0.24,2.84,0.71,1.65,1.65,29.05356286,1.0
0.0,80.0,2301.0,1049.0,0.6,0.455888744,0.056487107,39.71,180000.0,316080.0,0.569476082,3.79,0.0,3.296,3.296,1475.0,1.0
0.0,150.0,2000.0,4560.0,2.28,2.28,0.06,40.5,30000.0,300000.0,0.1,9.15,2.44,1.3,1.22,355.433045,3.0
0.0,80.0,1700.0,3000.0,2.0,1.76,0.15,76.7,40000.0,184000.0,0.22,51.1,33.12,4.18,4.18,1159.0,2.0
0.0,120.0,2121.0,1750.0,1.0,0.825082508,0.041107643,33.93,120000.0,345720.0,0.347101701,17.712,0.0,4.797,4.797,1648.0,1.0
0.0,30.0,430.0,150.0,0.35,0.35,0.0,22.4,4500.0,20100.0,0.22,2.61,0.65,1.31,1.31,21.18708099,1.0
1.0,120.0,1720.0,1080.0,0.8,0.63,0.04,101.8,96000.0,369600.0,0.26,7.06,1.09,7.24,7.24,2128.0,1.0
0.0,100.0,700.0,1500.0,1.8,2.14,0.24,24.7,10000.0,70000.0,0.14,24.93,4.14,1.84,3.06,199.59015,3.0
0.0,102.0,1220.0,3360.0,2.75,2.75,0.1,41.7,124440.0,352512.0,0.35,6.8,0.62,1.73,1.92,187.2,3.0
0.0,120.0,1000.0,2000.0,1.0,2.0,0.0,19.4,10404.0,116328.0,0.09,38.33,0.0,0.98,0.51,196.4579,1.0
0.0,120.0,2000.0,3000.0,1.63,1.5,0.05,39.6,45000.0,294000.0,0.15,4.31,0.66,2.14,2.24,406.0,2.0
0.0,80.0,1700.0,2000.0,1.33,1.18,0.16,70.8,40000.0,184000.0,0.22,51.1,33.12,2.72,2.72,1255.0,1.0
0.0,80.0,2180.0,1100.0,0.6,0.5,0.04,58.1,32400.0,210400.0,0.15,30.34,0.42,6.35,6.35,1694.45,1.0
1.0,150.0,2149.0,1400.0,0.8,0.651465798,0.128887118,27.8,300000.0,577350.0,0.519615485,3.798,4.8952,3.798,3.798,1830.0,1.0
0.0,152.4,3048.0,3657.6,1.7,1.2,0.1,34.3,90037.92,464515.2,0.19,6.95,4.87,5.43,1.42,993.8583533,2.0
0.0,76.0,1219.0,3556.0,3.04,2.92,0.08,34.5,16129.0,105598.0,0.15,16.96,2.95,1.79,1.54,158.2721,3.0
0.0,100.0,1200.0,1200.0,1.0,1.0,0.0,22.2,24000.0,120000.0,0.2,9.8,6.26,3.39,3.39,260.405,2.0
1.0,150.0,2149.0,2200.0,1.2,1.023731968,0.104158776,34.4,300000.0,577350.0,0.519615485,18.99,4.8952,3.798,3.798,2490.0,1.0
0.0,180.0,1250.0,3125.0,2.5,2.5,0.29,16.5,54000.0,225000.0,0.24,4.07,6.58,1.32,1.08,248.27,3.0
0.0,50.0,500.0,1500.0,3.0,3.0,0.0,21.6,5000.0,25000.0,0.2,6.24,0.0,0.61,0.61,18.4,2.0
0.0,150.0,2000.0,4560.0,2.28,2.28,0.04,48.01,39000.0,300000.0,0.13,10.05,2.49,2.59,1.24,462.27457,3.0
0.0,120.0,2000.0,2000.0,1.13,1.0,0.0,40.2,45000.0,294000.0,0.15,4.31,0.66,2.14,2.24,353.0,2.0
0.0,100.0,700.0,1500.0,1.8,2.14,0.35,27.0,10000.0,70000.0,0.14,19.53,4.14,1.84,3.06,223.98755,3.0
0.0,80.0,1700.0,2000.0,2.0,1.18,0.21,59.7,40000.0,184000.0,0.22,18.14,8.55,6.41,6.41,1012.0,2.0
0.0,200.0,1500.0,1500.0,1.0,1.0,0.07,46.0,40000.0,300000.0,0.13,59.33,15.35,2.36,1.69,1905.5,1.0
0.0,90.0,430.0,725.0,2.79,1.69,0.2,61.3,0.0,38700.0,0.0,0.0,0.0,11.43,4.31,114.0,2.0
0.0,60.0,600.0,1200.0,2.0,2.0,0.0,31.8,3600.0,36000.0,0.1,67.86,1.41,3.25,1.41,113.73905,1.0
0.0,130.0,850.0,1700.0,2.0,2.0,0.5,28.2,52000.0,180700.0,0.29,9.05,3.61,1.44,2.37,445.6,2.0
0.0,100.0,1000.0,1500.0,1.5,1.5,0.0,20.15,15000.0,100000.0,0.15,34.16,0.0,0.53,0.46,132.645,1.0
0.0,300.0,1200.0,3750.0,1.0,3.13,0.1,33.4,22500.0,360000.0,0.06,17.41,0.0,0.68,0.48,188.0,1.0
0.0,80.0,2180.0,1100.0,0.6,0.5,0.04,58.3,32400.0,210400.0,0.15,30.34,0.42,3.79,3.79,1487.5,1.0
1.0,200.0,1500.0,1500.0,1.0,1.0,0.07,50.9,40000.0,300000.0,0.13,25.92,21.14,4.61,4.52,1445.56,2.0
0.0,150.0,2149.0,1001.0,0.6,0.465798046,0.089353164,40.1,300000.0,577350.0,0.519615485,2.368,3.4336,2.368,2.368,2100.0,1.0
0.0,180.0,1250.0,3125.0,2.5,2.5,0.0,19.5,34200.0,225000.0,0.15,52.06,0.0,0.8,1.14,388.25,1.0
0.0,30.0,430.0,150.0,0.35,0.35,0.0,16.9,4500.0,20100.0,0.22,2.61,0.65,1.31,1.31,17.53846478,1.0
0.0,100.0,1000.0,2100.0,2.1,2.1,0.17,61.43,17000.0,100000.0,0.17,13.22,7.0,1.91,2.4,315.65,3.0
0.0,120.0,1500.0,500.0,0.33,0.33,0.0,34.8,15600.0,180000.0,0.09,20.5,0.0,3.97,3.97,939.425,1.0
0.0,125.0,1000.0,2000.0,2.0,2.0,0.1,20.7,27500.0,125000.0,0.22,6.16,2.63,1.68,1.68,195.1,3.0
0.0,100.0,1200.0,1200.0,1.0,1.0,0.07,23.9,24000.0,120000.0,0.2,7.35,6.26,1.69,1.69,254.0993361,2.0
0.0,100.0,2000.0,1660.0,0.83,0.83,0.0,12.35,0.0,200000.0,0.0,0.0,0.0,1.04,1.22,113.8415,2.0
0.0,100.0,700.0,1600.0,2.5,2.29,0.15,27.4,10000.0,70000.0,0.14,14.73,0.0,2.67,2.66,143.15,2.0
0.0,125.0,750.0,1400.0,1.87,1.87,0.0,25.37,0.0,93750.0,0.0,0.0,0.0,7.0,0.64,146.42075,3.0
0.0,90.0,430.0,725.0,2.79,1.69,0.4,34.5,1440.0,38700.0,0.04,42.85,4.67,11.43,4.31,102.0,2.0
0.0,100.0,1200.0,1200.0,1.0,1.0,0.1,31.2,30000.0,120000.0,0.25,5.44,10.89,4.54,5.44,351.405064,2.0
0.0,130.0,850.0,1300.0,1.53,1.53,0.5,28.2,52000.0,180700.0,0.29,11.18,3.61,1.44,2.37,603.25,2.0
0.0,85.0,1200.0,2000.0,1.67,1.67,0.12,65.0,32400.0,136200.0,0.24,8.02,4.49,3.17,1.58,357.22525,2.0
0.0,22.0,430.0,400.0,0.93,0.93,0.0,16.8,4350.0,16840.0,0.26,6.19,1.85,1.91,1.54,26.16526404,1.0
0.0,120.0,1500.0,750.0,0.5,0.5,0.05,26.3,15600.0,180000.0,0.09,24.36,0.0,1.46,1.99,788.7,1.0
0.0,150.0,2000.0,4560.0,2.28,2.28,0.06,40.9,39000.0,300000.0,0.13,10.02,0.0,2.39,1.3,437.02658,3.0
0.0,101.6,1016.0,1016.0,1.2,1.0,0.0,46.2,10322.56,103225.6,0.1,41.55,2.06,5.25,5.26,445.210651,1.0
0.0,100.0,1200.0,1200.0,1.0,1.0,0.1,34.8,30000.0,120000.0,0.25,5.44,5.44,4.54,5.44,359.7451741,2.0
0.0,150.0,900.0,2650.0,2.94,2.94,0.08,33.0,19500.0,135000.0,0.14,20.49,1.76,1.65,1.65,205.9302,3.0
0.0,20.0,430.0,150.0,0.35,0.35,0.0,15.4,4350.0,16100.0,0.27,2.84,0.71,1.69,1.69,25.41164775,1.0
1.0,120.0,1720.0,1080.0,0.8,0.63,0.04,82.3,96000.0,369600.0,0.26,4.99,0.67,4.44,4.44,1516.0,1.0
0.0,152.0,1370.0,1220.0,0.44,0.89,0.0,31.0,19456.0,208240.0,0.09,5.78,0.0,1.12,1.21,323.065,1.0
0.0,150.0,1400.0,2875.0,4.0,2.05,0.04,36.3,41700.0,210000.0,0.2,5.42,2.02,1.44,0.81,458.8979745,3.0
0.0,152.0,1370.0,1220.0,0.44,0.89,0.1,31.4,19456.0,208240.0,0.09,5.78,0.0,1.12,1.21,818.0,1.0
0.0,127.0,1625.0,12000.0,7.38,7.38,0.1,49.0,77140.0,309093.0,0.25,2.96,2.67,1.22,1.18,144.75,3.0
0.0,50.0,500.0,1500.0,3.0,3.0,0.0,22.45,5000.0,25000.0,0.2,6.24,0.0,0.61,0.61,15.3,2.0
0.0,200.0,1500.0,1500.0,1.0,1.0,0.07,70.0,40000.0,300000.0,0.13,59.33,0.0,2.36,1.69,1876.0,1.0
0.0,200.0,1500.0,1500.0,1.0,1.0,0.07,52.9,60000.0,300000.0,0.2,58.99,0.0,5.18,4.34,2317.715,1.0
0.0,140.0,1100.0,2550.0,2.43,2.32,0.32,44.74,33600.0,154000.0,0.22,8.33,12.25,2.63,3.16,529.5815,3.0
0.0,102.0,2388.0,4384.0,1.84,1.84,0.07,35.45,64516.0,320792.0,0.2,15.6,1.66,4.14,4.14,999.7497908,2.0
0.0,203.0,3050.0,1647.0,0.54,0.54,0.0,62.74,0.0,619150.0,0.0,0.0,0.0,5.08,5.08,2341.91,1.0
0.0,203.2,2032.0,2032.0,1.0,1.0,0.0,38.0,51612.8,412902.4,0.13,17.99,5.51,1.2,1.33,1073.5,2.0
0.0,200.0,1500.0,2250.0,1.5,1.5,0.1,27.6,30000.0,300000.0,0.1,7.94,0.0,1.22,1.07,397.0,3.0
0.0,101.6,1905.0,1905.0,1.0,1.0,0.0,23.44,62220.0,297261.6,0.21,19.9,4.36,2.67,2.51,913.68,1.0
1.0,203.0,3050.0,1647.0,0.54,0.54,0.0,44.82,79982.0,619150.0,0.13,8.14,8.14,3.64,3.41,1850.4328,1.0
1.0,150.0,2149.0,1400.0,0.8,0.651465798,0.083133687,43.1,300000.0,577350.0,0.519615485,5.064,4.8952,5.064,5.064,2340.0,1.0
0.0,100.0,700.0,1550.0,2.36,2.21,0.15,117.0,12500.0,70000.0,0.18,41.72,42.19,10.57,12.04,360.95,3.0
0.0,150.0,2000.0,4560.0,2.28,2.28,0.04,48.03,30000.0,300000.0,0.1,9.11,2.5,1.4,1.24,355.937625,3.0
0.0,200.0,1500.0,1500.0,1.0,1.0,0.07,46.0,40000.0,300000.0,0.13,59.33,0.0,2.36,1.69,1482.315,1.0
0.0,80.0,1400.0,1700.0,2.0,1.21,0.14,79.0,40000.0,160000.0,0.25,13.66,4.35,10.03,10.0,759.538575,3.0
0.0,90.0,1802.0,3990.0,2.21,2.21,0.03,36.4,34225.0,197330.0,0.17,6.36,6.47,2.0,2.72,177.0744,3.0
0.0,50.0,2250.0,875.0,0.39,0.39,0.07,26.0,62500.0,212500.0,0.29,2.91,3.63,7.05,14.09,799.0,3.0
0.0,85.0,1900.0,2700.0,1.8,1.42,0.14,62.3,40000.0,207500.0,0.19,13.67,8.36,4.73,4.73,966.43525,1.0
0.0,120.0,2121.0,749.0,0.5,0.353135314,0.038422395,35.79,120000.0,345720.0,0.347101701,17.712,0.0,4.797,4.797,2481.0,1.0
0.0,150.0,1400.0,2800.0,4.0,2.0,0.03,37.3,41550.0,210000.0,0.2,2.27,1.89,1.05,0.75,355.634455,3.0
0.0,70.0,880.0,500.0,0.57,0.57,0.0,31.0,13600.0,77600.0,0.18,9.31,7.9,2.88,3.61,207.0,1.0
0.0,130.0,850.0,2200.0,2.59,2.59,0.5,28.2,52000.0,180700.0,0.29,9.05,3.61,1.44,2.37,353.15,3.0
0.0,120.0,2000.0,3000.0,1.63,1.5,0.05,41.2,45000.0,294000.0,0.15,4.31,0.66,2.14,2.24,422.1,2.0
0.0,100.0,1000.0,2000.0,2.0,2.0,0.3,23.0,50000.0,180000.0,0.28,5.44,1.19,2.97,2.99,456.11925,3.0
0.0,80.0,900.0,690.0,0.77,0.77,0.09,20.1,0.0,72000.0,0.0,0.0,0.0,1.63,1.92,174.5895,2.0
1.0,203.2,2032.0,2032.0,1.0,1.0,0.0,44.0,51612.8,412902.4,0.13,29.81,5.51,3.66,4.07,1817.0,2.0
0.0,80.0,2000.0,2300.0,1.15,1.15,0.0,28.6,62500.0,245000.0,0.22,9.33,2.92,0.01,1.31,493.0,1.0
0.0,85.0,1200.0,2000.0,1.67,1.67,0.0,65.0,32400.0,136200.0,0.24,8.02,4.49,3.17,3.17,237.6783699,2.0
0.0,101.6,1905.0,4572.0,2.39,2.4,0.0,53.02,93025.0,317622.0,0.29,4.9,0.45,1.26,1.43,269.6825,2.0
0.0,85.0,1200.0,2000.0,1.67,1.67,0.12,65.0,32400.0,136200.0,0.24,8.02,4.49,3.17,6.34,352.9588,2.0
0.0,130.0,850.0,2200.0,2.59,2.59,0.2,28.2,52000.0,180700.0,0.29,9.05,3.61,1.44,2.37,243.0,3.0
0.0,150.0,2149.0,1400.0,0.8,0.651465798,0.085719184,41.8,300000.0,577350.0,0.519615485,4.736,3.4336,4.736,4.736,2280.0,1.0
0.0,80.0,1700.0,3000.0,2.0,1.76,0.18,55.5,40000.0,184000.0,0.22,17.97,18.15,1.99,1.99,708.2305,2.0
0.0,90.0,430.0,725.0,2.79,1.69,0.4,34.8,1440.0,38700.0,0.04,42.85,0.0,11.43,4.31,110.0,2.0
0.0,180.0,1250.0,3125.0,2.5,2.5,0.0,16.5,28800.0,225000.0,0.13,12.51,0.0,0.92,1.08,141.4,2.0
0.0,80.0,2301.0,1049.0,0.6,0.455888744,0.065614582,34.62,180000.0,316080.0,0.569476082,6.732,0.0,8.24,8.24,1823.0,1.0
0.0,80.0,900.0,690.0,0.77,0.77,0.1,24.4,0.0,72000.0,0.0,0.0,0.0,1.63,1.92,134.65,1.0
1.0,203.2,2032.0,2032.0,1.0,1.0,0.0,42.0,51612.8,412902.4,0.13,29.81,2.76,3.66,4.07,1818.5,2.0
0.0,200.0,1500.0,1500.0,1.0,1.0,0.07,70.0,60000.0,300000.0,0.2,59.33,0.0,4.31,3.38,2104.7,1.0
0.0,100.0,1000.0,2000.0,2.0,2.0,0.3,23.0,50000.0,180000.0,0.28,5.44,3.21,2.97,2.99,464.7,3.0
0.0,200.0,1500.0,1500.0,1.0,1.0,0.07,50.9,40000.0,300000.0,0.13,25.92,0.0,4.61,4.52,1368.715,2.0
0.0,125.0,850.0,1600.0,1.88,1.88,0.16,26.46,23500.0,106250.0,0.22,4.8,0.81,2.22,1.68,151.22635,3.0
0.0,152.0,1219.0,1829.0,1.5,1.5,0.02,57.5,34808.0,185288.0,0.19,26.44,3.53,2.72,2.72,665.0,2.0
0.0,130.0,850.0,580.0,0.68,0.68,0.2,26.1,52000.0,180700.0,0.29,3.62,2.12,1.44,2.78,645.46425,1.0
0.0,101.6,1016.0,1016.0,1.2,1.0,0.0,46.2,10322.56,103225.6,0.1,32.42,2.06,4.69,4.71,362.53,1.0
0.0,120.0,1500.0,750.0,0.5,0.5,0.0,25.8,15600.0,180000.0,0.09,22.66,0.0,3.27,3.27,666.117,1.0
0.0,80.0,1400.0,1700.0,2.0,1.21,0.22,72.7,40000.0,160000.0,0.25,13.66,4.35,10.03,10.0,883.0,2.0
0.0,23.0,430.0,400.0,0.93,0.930232558,0.0,14.2,8700.0,17210.0,0.505520046,6.11,0.2849,0.0,0.0,19.0,1.0
0.0,140.0,1100.0,2550.0,2.43,2.32,0.32,44.74,33600.0,154000.0,0.22,8.33,6.32,2.63,3.16,534.4,3.0
0.0,50.0,500.0,1500.0,3.0,3.0,0.0,23.45,5000.0,25000.0,0.2,6.24,0.0,0.61,0.61,20.81162325,2.0
0.0,80.0,1700.0,2000.0,2.0,1.18,0.18,61.4,40000.0,184000.0,0.22,18.14,8.55,6.41,6.41,947.5,2.0
0.0,90.0,430.0,725.0,2.79,1.69,0.4,32.0,17640.0,38700.0,0.46,3.5,4.67,11.43,4.31,95.0,2.0
0.0,150.0,2150.0,1600.0,0.8,0.8,0.06,32.4,150000.0,577500.0,0.26,3.55,3.55,3.55,3.55,1843.988067,1.0
0.0,102.0,1220.0,3360.0,2.75,2.75,0.1,43.6,19431.0,124440.0,0.16,12.63,2.02,1.41,1.41,291.17,3.0
0.0,120.0,1300.0,1800.0,0.69,1.38,0.0,18.1,10404.0,152328.0,0.07,46.06,0.0,0.59,1.16,359.6376,1.0
0.0,120.0,2000.0,3000.0,1.63,1.5,0.05,40.3,45000.0,294000.0,0.15,4.31,0.66,2.14,2.24,409.6,2.0
0.0,80.0,2301.0,650.0,0.4,0.282485876,0.067965712,33.05,180000.0,316080.0,0.569476082,3.79,0.0,4.944,4.944,1617.0,1.0
0.0,100.0,600.0,850.0,1.42,1.42,0.0,16.5,0.0,60000.0,0.08,0.0,0.0,15.17,3.37,157.3,1.0
0.0,90.0,430.0,725.0,2.79,1.69,0.2,64.6,1440.0,38700.0,0.04,42.85,4.67,11.43,4.31,125.0,2.0
0.0,100.0,1200.0,1800.0,1.5,1.5,0.0,26.2,24000.0,120000.0,0.2,7.35,3.79,1.59,1.59,123.4864753,3.0
0.0,125.0,1000.0,2000.0,2.0,2.0,0.2,20.7,27500.0,125000.0,0.22,6.16,2.63,1.68,1.68,242.5,3.0
0.0,100.0,700.0,1600.0,2.5,2.29,0.15,27.4,10000.0,70000.0,0.14,14.73,2.66,2.69,2.66,159.1381,2.0
0.0,120.0,1300.0,1800.0,0.69,1.38,0.0,17.6,10404.0,152328.0,0.07,30.7,0.0,0.81,0.41,309.46825,1.0
0.0,125.0,1000.0,2500.0,2.5,2.5,0.3,30.8,27500.0,125000.0,0.22,6.16,2.63,1.68,1.68,223.0,3.0
0.0,150.0,1400.0,2800.0,2.0,2.0,0.07,35.4,41550.0,210000.0,0.2,2.27,1.26,1.05,0.75,475.0739477,2.0
1.0,150.0,2150.0,1600.0,0.8,0.8,0.06,32.4,150000.0,577500.0,0.26,3.8,6.34,3.8,3.8,1967.963387,1.0
1.0,200.0,1500.0,1500.0,1.0,1.0,0.07,46.0,60000.0,340000.0,0.18,59.33,15.35,3.4,3.38,2518.85,1.0
0.0,80.0,2250.0,1875.0,0.83,0.83,0.05,26.0,62500.0,265000.0,0.24,2.91,3.63,4.4,8.81,654.1069,2.0
0.0,200.0,1500.0,2250.0,1.5,1.5,0.1,27.6,30000.0,300000.0,0.1,7.94,0.0,1.22,1.07,393.95,3.0
0.0,150.0,2000.0,2000.0,3.0,1.0,0.06,37.71,49500.0,300000.0,0.17,7.03,3.94,1.42,1.8,262.65,3.0
0.0,120.0,2000.0,2000.0,1.13,1.0,0.05,41.6,45000.0,294000.0,0.15,4.31,0.66,2.14,2.24,576.6,2.0
0.0,150.0,1400.0,2875.0,4.0,2.05,0.04,37.1,41700.0,210000.0,0.2,4.37,2.02,1.44,0.81,421.4,3.0
0.0,152.0,1370.0,1220.0,0.44,0.89,0.1,28.3,19456.0,208240.0,0.09,5.78,0.0,1.12,1.21,751.75,1.0
0.0,80.0,1700.0,2000.0,1.33,1.18,0.19,103.4,40000.0,184000.0,0.22,51.1,33.12,4.18,4.18,1697.0,1.0
1.0,100.0,1000.0,1000.0,1.0,1.0,0.05,103.3,60000.0,196000.0,0.31,24.44,3.78,2.22,1.69,892.3,1.0
1.0,150.0,2149.0,1400.0,0.8,0.651465798,0.13029316,27.5,300000.0,577350.0,0.519615485,5.064,4.8952,5.064,5.064,2040.0,1.0
0.0,80.0,400.0,1640.0,4.1,4.1,0.5,42.9,0.0,32000.0,0.0,0.0,0.0,5.81,0.93,78.1722561,2.0
0.0,75.0,1000.0,1000.0,1.0,1.0,0.11,83.0,37500.0,135000.0,0.28,34.4,0.39,6.67,2.42,1096.0,1.0
0.0,60.0,600.0,1200.0,2.0,2.0,0.0,48.4,7920.0,36000.0,0.22,11.42,4.91,2.52,4.91,127.12524,3.0
0.0,120.0,1500.0,1500.0,1.0,1.0,0.0,35.0,15600.0,180000.0,0.09,51.48,0.0,1.99,3.97,708.7875,1.0
0.0,200.0,1500.0,1500.0,1.0,1.0,0.07,46.0,40000.0,300000.0,0.13,13.12,15.35,2.36,1.69,1112.405,3.0
0.0,50.0,500.0,1500.0,3.0,3.0,0.0,21.6,2500.0,25000.0,0.1,12.48,0.0,0.61,0.61,15.7,2.0
0.0,90.0,430.0,725.0,2.79,1.69,0.4,32.5,0.0,38700.0,0.0,0.0,0.0,11.43,4.31,101.0,2.0
0.0,203.2,1524.0,3657.6,2.4,2.4,0.09,33.0,44000.0,309676.8,0.14,20.53,1.08,1.35,3.2,698.5,3.0
0.0,65.0,650.0,1300.0,2.0,2.0,0.0,29.2,9100.0,42250.0,0.22,18.22,1.65,8.5,2.21,115.8,2.0
0.0,152.0,1219.0,2438.0,2.0,2.0,0.07,47.1,34808.0,185288.0,0.19,14.41,3.53,1.32,1.2,458.5,2.0
0.0,180.0,1250.0,3125.0,2.5,2.5,0.14,37.1,32400.0,225000.0,0.14,46.14,0.0,0.8,1.14,583.95,1.0
1.0,120.0,1720.0,1080.0,0.8,0.63,0.04,82.3,96000.0,369600.0,0.26,4.12,0.62,4.12,4.12,1479.0,1.0
1.0,100.0,1000.0,1000.0,1.0,1.0,0.05,93.5,33600.0,111200.0,0.3,43.91,15.76,2.31,1.69,818.43,1.0
0.0,125.0,1000.0,2000.0,2.0,2.0,0.3,30.8,27500.0,125000.0,0.22,6.16,2.63,1.68,1.68,226.05,3.0
0.0,150.0,1800.0,1800.0,1.0,1.0,0.0,61.0,39000.0,270000.0,0.14,8.53,8.03,3.35,4.31,574.2,3.0
0.0,203.2,2032.0,2032.0,1.0,1.0,0.0,44.0,51612.8,412902.4,0.13,26.98,5.51,3.45,3.45,1765.5,2.0
0.0,27.0,430.0,400.0,0.93,0.93,0.0,14.2,4350.0,18690.0,0.23,2.88,0.71,2.22,2.34,25.50475986,1.0
1.0,150.0,2149.0,1001.0,0.6,0.465798046,0.103556702,34.6,300000.0,577350.0,0.519615485,3.798,4.8952,3.798,3.798,2370.0,1.0
0.0,28.0,850.0,990.0,1.16,1.16,0.0,85.8,22500.0,60400.0,0.37,18.32,1.77,4.75,9.5,326.0982812,2.0
0.0,22.0,430.0,400.0,0.93,0.93,0.0,16.2,4350.0,16840.0,0.26,6.19,1.85,1.78,1.51,19.9977588,1.0
0.0,80.0,1700.0,3000.0,2.0,1.76,0.12,60.3,40000.0,184000.0,0.22,23.95,18.15,3.97,3.97,898.3695,2.0
0.0,101.6,1905.0,4572.0,2.39,2.4,0.0,47.3,93025.0,317622.0,0.29,4.77,3.91,1.16,1.31,274.348,2.0
0.0,80.0,1700.0,2000.0,0.66,1.18,0.13,103.3,40000.0,184000.0,0.22,16.28,32.57,5.69,5.69,1717.22365,1.0
0.0,152.0,1219.0,2438.0,2.0,2.0,0.07,48.6,34808.0,185288.0,0.19,31.08,3.53,2.72,2.72,742.0,2.0
0.0,80.0,2250.0,1875.0,0.83,0.83,0.06,24.6,62500.0,265000.0,0.24,2.91,1.41,1.47,2.94,484.45,2.0
0.0,65.0,650.0,1300.0,2.0,2.0,0.0,43.6,9100.0,42250.0,0.22,18.22,1.65,8.5,2.21,111.0,2.0
0.0,60.0,600.0,1200.0,2.0,2.0,0.0,36.9,6600.0,36000.0,0.18,34.33,4.33,2.76,2.17,104.59465,3.0
0.0,101.6,1905.0,4572.0,2.39,2.4,0.0,46.47,19380.0,193700.0,0.1,17.65,8.72,1.29,1.46,216.5205,2.0
0.0,120.0,1000.0,2000.0,1.0,2.0,0.0,19.5,10404.0,116328.0,0.09,48.53,0.0,1.01,1.53,321.4337,1.0
0.0,24.0,430.0,400.0,0.93,0.93,0.0,14.2,4350.0,17580.0,0.25,2.88,0.71,2.5,2.12,23.76416531,1.0
0.0,100.0,1400.0,1400.0,0.5,1.0,0.0,17.0,10404.0,140408.0,0.07,28.28,0.0,0.46,0.93,319.5420178,1.0
1.0,150.0,2149.0,2200.0,1.2,1.023731968,0.096318868,37.2,300000.0,577350.0,0.519615485,19.008,6.1248,3.696,3.696,2430.0,1.0
0.0,100.0,585.0,700.0,1.2,1.2,0.0,37.0,0.0,58500.0,0.34,0.0,0.0,2.01,1.58,141.5539752,1.0
1.0,100.0,1000.0,2000.0,2.0,2.0,0.05,110.7,60000.0,196000.0,0.31,24.44,3.78,2.22,4.62,876.3069,1.0
0.0,125.0,1000.0,2000.0,2.0,2.0,0.3,30.8,25000.0,125000.0,0.2,6.77,2.63,1.76,1.68,215.46964,3.0
0.0,60.0,600.0,1200.0,2.0,2.0,0.0,32.0,3600.0,36000.0,0.1,67.86,4.33,3.25,2.17,125.8566826,1.0
0.0,125.0,500.0,600.0,1.2,1.2,0.0,16.7,0.0,62500.0,0.0,0.0,0.0,24.33,1.95,169.96,1.0
0.0,152.4,3048.0,3657.6,1.8,1.2,0.13,40.3,77419.2,464515.2,0.17,19.89,4.27,1.42,1.42,1279.41289,2.0
0.0,80.0,1700.0,1200.0,0.35,0.71,0.0,19.0,10404.0,140488.0,0.07,21.65,0.0,0.46,0.92,373.2597672,1.0
0.0,23.0,430.0,330.0,0.77,0.77,0.0,16.2,4350.0,17210.0,0.25,6.19,1.85,2.21,2.21,27.37695382,1.0
0.0,200.0,1500.0,3000.0,2.0,2.0,0.07,36.5,60000.0,300000.0,0.2,58.99,0.0,2.82,2.25,1447.31,1.0
0.0,200.0,1500.0,3000.0,2.0,2.0,0.07,36.5,60000.0,300000.0,0.2,58.99,0.0,3.11,2.17,1336.91,1.0
0.0,130.0,850.0,2200.0,2.59,2.59,0.2,28.2,52000.0,180700.0,0.29,11.18,3.61,1.44,2.37,301.5,3.0
0.0,130.0,850.0,920.0,1.08,1.08,0.2,26.1,52000.0,180700.0,0.29,3.62,2.12,1.44,2.78,471.36005,1.0
0.0,125.0,1000.0,2000.0,2.0,2.0,0.3,30.8,21250.0,125000.0,0.17,7.97,2.63,1.68,1.68,280.325,3.0
0.0,200.0,1500.0,1500.0,1.0,1.0,0.07,50.9,40000.0,300000.0,0.13,25.92,0.0,5.09,4.34,1527.67,2.0
0.0,150.0,2300.0,6400.0,2.78,2.78,0.0,47.4,58500.0,345000.0,0.17,41.12,4.09,1.62,2.41,459.55,3.0
0.0,203.0,3050.0,1647.0,0.54,0.54,0.0,41.23,0.0,619150.0,0.0,0.0,0.0,8.14,1.78,2275.2248,1.0
0.0,75.0,2700.0,1400.0,0.65,0.52,0.0,83.3,62500.0,290000.0,0.22,21.5,1.87,2.08,2.08,2044.795,1.0
0.0,101.6,1905.0,952.5,0.5,0.5,0.0,27.03,62220.0,297261.6,0.21,16.84,4.4,2.68,2.59,1074.5,2.0
0.0,130.0,850.0,920.0,1.08,1.08,0.5,26.1,52000.0,180700.0,0.29,3.62,2.12,1.44,2.78,702.64585,1.0
0.0,80.0,2301.0,1049.0,0.6,0.455888744,0.066845153,34.03,180000.0,316080.0,0.569476082,3.79,0.0,4.944,4.944,1658.0,1.0
0.0,80.0,2301.0,1049.0,0.6,0.455888744,0.066793541,33.63,180000.0,316080.0,0.569476082,5.306,0.0,6.592,6.592,1677.0,1.0
1.0,200.0,1700.0,3280.0,1.93,1.93,0.09,30.0,80000.0,340000.0,0.24,8.81,2.27,1.5,1.69,679.17795,2.0
0.0,60.0,600.0,1200.0,2.0,2.0,0.0,38.6,6600.0,36000.0,0.18,34.33,1.41,2.76,1.41,110.6843,2.0
0.0,150.0,2121.0,1750.0,1.0,0.825082508,0.111257019,25.89,120000.0,402150.0,0.298396121,17.712,0.0,4.059,4.059,1814.0,1.0
0.0,150.0,2149.0,1001.0,0.6,0.465798046,0.107277302,33.4,300000.0,577350.0,0.519615485,3.552,3.4336,3.552,3.552,2250.0,1.0
0.0,125.0,750.0,1400.0,1.87,1.87,0.0,31.12,24125.0,93750.0,0.26,0.0,4.73,2.9,1.18,156.41,3.0
0.0,100.0,700.0,1600.0,2.5,2.29,0.35,27.4,10000.0,70000.0,0.14,14.73,0.0,2.67,2.66,174.0,2.0
0.0,101.6,1016.0,1320.8,1.5,1.0,0.0,46.88,10322.56,103225.6,0.1,45.03,2.06,4.76,4.78,390.5769757,1.0
0.0,100.0,2000.0,1660.0,0.83,0.83,0.0,29.5,0.0,200000.0,0.0,0.0,0.0,1.04,1.22,146.3119,3.0
0.0,125.0,1000.0,2000.0,2.0,2.0,0.2,30.8,27500.0,125000.0,0.22,8.77,2.63,1.68,1.68,268.0,3.0
0.0,80.0,1700.0,3000.0,2.0,1.76,0.15,87.6,40000.0,184000.0,0.22,16.58,29.96,5.28,5.28,1027.225,3.0
0.0,102.0,1900.0,5500.0,2.89,2.89,0.0,23.27,27846.0,193800.0,0.14,26.0,1.99,1.15,1.72,334.1121157,2.0
0.0,130.0,850.0,1300.0,1.53,1.53,0.5,28.2,52000.0,180700.0,0.29,9.05,3.61,1.44,2.37,535.5,2.0
0.0,25.0,430.0,150.0,0.35,0.35,0.0,17.9,4350.0,17950.0,0.24,2.84,0.71,1.35,1.35,24.78266684,1.0
0.0,100.0,1000.0,2000.0,2.0,2.0,0.3,23.0,50000.0,180000.0,0.28,5.44,2.39,2.97,2.99,473.815,3.0
0.0,100.0,1000.0,2000.0,2.0,2.0,0.3,23.0,24000.0,100000.0,0.24,6.57,5.97,2.97,2.99,210.0,3.0
0.0,85.0,1200.0,2000.0,1.67,1.67,0.24,65.0,32400.0,136200.0,0.24,8.02,4.49,3.17,3.17,434.95,2.0
0.0,203.0,3050.0,1006.0,0.33,0.33,0.0,34.06,0.0,619150.0,0.0,0.0,0.0,1.79,1.78,1323.3257,1.0
0.0,101.6,1905.0,952.5,0.5,0.5,0.0,21.24,62220.0,297261.6,0.21,21.52,4.53,1.26,2.51,891.5,2.0
0.0,150.0,1000.0,2200.0,2.2,2.2,0.0,30.5,30000.0,150000.0,0.2,5.65,7.4,2.85,3.74,155.15,3.0
0.0,130.0,850.0,580.0,0.68,0.68,0.5,26.1,52000.0,180700.0,0.29,3.62,2.12,1.44,2.78,968.0802,1.0
0.0,200.0,1000.0,1500.0,1.5,1.5,0.23,31.82,40000.0,200000.0,0.2,6.51,1.72,1.87,1.68,630.91,1.0
0.0,100.0,700.0,1600.0,2.5,2.29,0.25,27.4,10000.0,70000.0,0.14,14.73,0.0,2.67,2.66,160.25,2.0
0.0,150.0,1400.0,2000.0,1.43,1.43,0.01,46.8,0.0,210000.0,0.0,0.0,0.0,4.41,2.02,666.82,3.0
0.0,101.6,1905.0,4572.0,2.39,2.4,0.0,44.75,19380.0,193700.0,0.1,7.48,1.72,1.26,1.43,117.2979,2.0
0.0,200.0,1500.0,3000.0,2.0,2.0,0.07,36.5,60000.0,300000.0,0.2,78.66,0.0,5.18,4.34,2016.27,1.0
0.0,80.0,1400.0,2400.0,1.71,1.71,0.26,43.1,40000.0,160000.0,0.25,13.66,4.35,10.03,10.0,772.656675,2.0
0.0,22.0,430.0,400.0,0.93,0.93,0.0,17.9,4350.0,16840.0,0.26,6.19,1.85,1.91,1.54,25.21855432,1.0
0.0,125.0,850.0,1600.0,1.88,1.88,0.16,26.46,0.0,106250.0,0.0,0.0,0.0,1.73,1.68,111.4462,3.0
0.0,180.0,1250.0,3125.0,2.5,2.5,0.25,19.5,34200.0,225000.0,0.15,47.61,0.0,0.95,1.08,482.17,1.0
0.0,130.0,850.0,580.0,0.68,0.68,0.5,26.1,52000.0,180700.0,0.29,9.05,2.12,1.44,2.78,1053.2376,1.0
0.0,125.0,1000.0,2000.0,2.0,2.0,0.3,30.8,27500.0,125000.0,0.22,5.34,2.63,1.68,1.68,222.75,3.0
0.0,100.0,700.0,950.0,1.5,1.36,0.15,117.0,12500.0,70000.0,0.18,14.18,4.66,1.73,1.94,448.5,1.0
0.0,125.0,1000.0,2000.0,2.0,2.0,0.3,30.8,27500.0,125000.0,0.22,3.81,2.63,1.68,1.68,234.5,3.0
0.0,100.0,700.0,1600.0,2.5,2.29,0.15,27.4,10000.0,70000.0,0.14,14.73,0.0,2.69,2.66,143.8217686,2.0
0.0,102.0,1220.0,3660.0,3.0,3.0,0.1,31.6,19431.0,124440.0,0.16,12.63,2.02,1.29,1.41,144.385,3.0
0.0,75.0,1000.0,2800.0,2.8,2.8,0.1,24.1,10500.0,75000.0,0.14,7.3,2.84,3.2,3.2,121.55,3.0
0.0,30.0,430.0,150.0,0.35,0.35,0.0,16.9,4500.0,20100.0,0.22,2.61,0.65,1.16,1.16,19.52598307,1.0
0.0,180.0,925.0,1700.0,1.84,1.84,0.28,30.0,32400.0,166500.0,0.19,12.63,0.98,0.69,1.96,514.5,3.0
0.0,180.0,1250.0,3125.0,2.5,2.5,0.14,37.1,34200.0,225000.0,0.15,47.61,0.0,0.95,1.08,574.29,2.0
0.0,70.0,880.0,500.0,0.57,0.57,0.0,39.3,13600.0,77600.0,0.18,9.31,7.9,2.3,3.61,204.9315,1.0
0.0,203.0,3050.0,1647.0,0.54,0.54,0.0,38.54,0.0,619150.0,0.0,0.0,0.0,8.14,3.41,2791.2503,1.0
1.0,150.0,2149.0,1400.0,0.8,0.651465798,0.102373197,35.0,300000.0,577350.0,0.519615485,2.64,6.1248,2.64,2.64,1740.0,1.0
0.0,60.0,600.0,1200.0,2.0,2.0,0.0,45.8,6600.0,36000.0,0.18,38.04,1.69,2.76,1.69,94.80712492,2.0
0.0,150.0,1400.0,2800.0,6.0,2.0,0.03,36.2,0.0,210000.0,0.0,0.0,0.0,1.57,0.75,340.5318614,3.0
0.0,100.0,1000.0,690.0,0.69,0.69,0.02,50.7,0.0,100000.0,0.0,0.0,0.0,1.5,1.5,211.1,2.0
0.0,150.0,2000.0,2000.0,3.0,1.0,0.06,35.94,49500.0,300000.0,0.17,7.03,5.16,1.42,1.8,268.15,3.0
0.0,150.0,2300.0,6400.0,2.78,2.78,0.0,47.4,40500.0,345000.0,0.12,18.56,4.91,1.62,2.41,848.16,3.0
0.0,101.6,1905.0,4572.0,2.39,2.4,0.13,21.86,93025.0,317622.0,0.29,16.19,3.69,1.24,2.8,823.742,2.0
0.0,203.0,3050.0,1006.0,0.33,0.33,0.0,38.54,0.0,619150.0,0.0,0.0,0.0,5.43,5.08,2831.2827,1.0
0.0,150.0,1400.0,2875.0,4.0,2.05,0.04,36.7,41700.0,210000.0,0.2,5.74,2.02,1.44,0.81,442.1885,3.0
0.0,200.0,1500.0,750.0,0.5,0.5,0.07,38.7,20000.0,300000.0,0.07,8.45,0.0,3.9,4.52,1404.13,2.0
0.0,125.0,1000.0,1000.0,1.0,1.0,0.3,30.8,27500.0,125000.0,0.22,6.16,2.63,1.68,1.68,508.7,1.0
0.0,203.0,3050.0,2867.0,0.94,0.94,0.0,32.27,0.0,619150.0,0.0,0.0,0.0,3.64,3.62,1116.476,2.0
1.0,100.0,1000.0,1000.0,1.0,1.0,0.05,96.8,60000.0,196000.0,0.31,24.44,3.78,6.09,1.69,1267.775,1.0
0.0,203.0,3050.0,1647.0,0.54,0.54,0.0,44.82,59885.0,619150.0,0.1,10.85,10.85,1.79,1.68,1737.0256,1.0
0.0,150.0,2000.0,4560.0,2.28,2.28,0.05,45.0,30000.0,300000.0,0.1,8.59,2.93,1.3,1.47,346.864365,3.0
0.0,120.0,1500.0,750.0,0.5,0.5,0.0,24.0,34800.0,180000.0,0.19,12.3,6.52,1.6,1.99,562.695,1.0
0.0,203.0,3050.0,1647.0,0.54,0.54,0.0,37.65,0.0,619150.0,0.0,0.0,0.0,1.79,1.78,983.029,1.0
0.0,85.0,1900.0,2700.0,1.8,1.42,0.14,62.3,40000.0,207500.0,0.19,13.67,8.36,6.84,6.84,957.52175,1.0
0.0,120.0,2000.0,2000.0,1.13,1.0,0.0,39.8,45000.0,294000.0,0.15,4.31,0.66,2.14,2.24,363.3,2.0
1.0,125.0,750.0,1400.0,1.87,1.87,0.0,31.12,22500.0,93750.0,0.24,0.0,9.47,4.85,3.94,175.515,2.0
0.0,80.0,2301.0,1049.0,0.6,0.455888744,0.141706793,31.77,180000.0,316080.0,0.569476082,3.79,0.0,4.944,4.944,1515.0,1.0
0.0,120.0,1000.0,1600.0,1.6,1.6,0.09,31.0,27000.0,120000.0,0.23,5.85,1.31,1.43,1.31,274.128,3.0
0.0,150.0,1400.0,2800.0,2.0,2.0,0.04,38.5,0.0,210000.0,0.0,0.0,0.0,1.57,0.75,352.4442734,3.0
0.0,120.0,2120.0,1000.0,0.47,0.47,0.06,36.0,60000.0,345600.0,0.17,13.25,3.71,3.71,3.71,2657.0,1.0
0.0,65.0,650.0,1300.0,2.0,2.0,0.0,39.2,9100.0,42250.0,0.22,18.22,1.65,8.5,2.21,111.5,3.0
0.0,140.0,1100.0,2550.0,2.43,2.32,0.32,44.74,33600.0,154000.0,0.22,8.33,6.32,2.63,3.16,529.3795,3.0
0.0,100.0,1500.0,2150.0,1.43,1.43,0.0,35.8,62500.0,225000.0,0.28,10.83,1.0,2.36,3.53,576.75,1.0
0.0,80.0,1700.0,1200.0,0.35,0.71,0.0,18.8,10404.0,140488.0,0.07,21.65,0.0,0.92,0.92,375.9655478,1.0
0.0,80.0,1700.0,2000.0,1.33,1.18,0.15,76.1,40000.0,184000.0,0.22,51.1,33.12,11.4,11.4,1639.0,1.0
0.0,100.0,1000.0,2100.0,2.1,2.1,0.17,73.56,25000.0,100000.0,0.25,10.14,14.0,1.68,2.4,324.8,3.0
0.0,130.0,850.0,1300.0,1.53,1.53,0.2,28.2,52000.0,180700.0,0.29,11.18,3.61,1.44,2.37,442.20645,2.0
0.0,75.0,900.0,2250.0,2.5,2.5,0.2,30.08,13500.0,67500.0,0.2,19.6,3.35,2.41,2.89,151.524885,3.0
0.0,102.0,1220.0,3360.0,2.75,2.75,0.1,43.6,124440.0,352512.0,0.35,6.8,0.96,1.41,1.41,193.0,3.0
0.0,125.0,1000.0,2000.0,2.0,2.0,0.3,30.8,25000.0,125000.0,0.2,6.77,0.84,1.76,0.53,262.92836,3.0
0.0,180.0,1250.0,3125.0,2.5,2.5,0.0,16.5,10800.0,225000.0,0.05,13.01,0.0,0.76,0.87,76.99,2.0
0.0,150.0,2000.0,4560.0,2.28,2.28,0.06,39.2,39000.0,300000.0,0.13,10.45,2.46,2.33,1.23,447.005845,3.0
0.0,120.0,2000.0,2000.0,1.13,1.0,0.05,35.6,45000.0,294000.0,0.15,4.31,0.66,2.14,2.24,534.38,2.0
0.0,160.0,1000.0,850.0,0.85,0.85,0.15,26.48,25600.0,160000.0,0.16,2.66,0.76,1.39,1.35,336.65,3.0
0.0,200.0,1500.0,3000.0,2.0,2.0,0.07,38.2,40000.0,300000.0,0.13,65.12,0.0,4.54,4.46,1400.06,2.0
1.0,150.0,2149.0,1400.0,0.8,0.651465798,0.100085528,35.8,300000.0,577350.0,0.519615485,2.532,4.8952,2.532,2.532,1740.0,1.0
0.0,16.0,430.0,400.0,0.93,0.93,0.0,13.8,4350.0,14620.0,0.3,6.19,1.85,2.45,2.07,20.22112296,1.0
0.0,200.0,1500.0,1500.0,1.0,1.0,0.07,46.0,60000.0,300000.0,0.2,59.33,0.0,4.31,3.38,2158.0,1.0
0.0,120.0,1500.0,750.0,0.5,0.5,0.0,32.1,9600.0,180000.0,0.05,3.8,0.0,3.97,3.97,382.6885,1.0
0.0,200.0,1500.0,2000.0,3.0,1.33,0.07,36.9,50000.0,300000.0,0.17,5.13,1.19,0.96,0.96,316.5,3.0
0.0,60.0,600.0,1200.0,2.0,2.0,0.0,38.9,6600.0,36000.0,0.18,38.04,2.42,2.76,2.42,97.63676187,2.0
0.0,120.0,1000.0,2000.0,1.0,2.0,0.0,19.6,10404.0,116328.0,0.09,39.31,0.0,1.01,0.98,268.3099,1.0
0.0,125.0,1000.0,1500.0,1.5,1.5,0.3,30.8,27500.0,125000.0,0.22,6.16,2.63,1.68,1.68,329.05,2.0
0.0,130.0,850.0,920.0,1.08,1.08,0.2,26.1,52000.0,180700.0,0.29,9.05,2.12,1.44,2.78,649.95775,1.0
0.0,100.0,1200.0,1200.0,1.0,1.0,0.0,21.6,24000.0,120000.0,0.2,7.35,6.26,1.69,1.69,185.9133302,2.0
0.0,101.6,1905.0,4572.0,2.39,2.4,0.08,49.37,93025.0,317622.0,0.29,16.82,5.34,1.18,2.68,975.4946,2.0
1.0,84.0,548.0,1140.0,2.08,2.08,0.0,47.0,6972.0,46032.0,0.15,18.4,4.96,3.0,3.01,75.5025,2.0
0.0,200.0,1500.0,750.0,0.5,0.5,0.07,37.4,20000.0,300000.0,0.07,58.99,0.0,3.9,4.52,2427.57,1.0
0.0,200.0,1500.0,3000.0,2.0,2.0,0.07,36.7,40000.0,300000.0,0.13,65.12,0.0,4.61,4.5,1492.16,2.0
0.0,80.0,1700.0,2000.0,1.33,1.18,0.18,65.1,40000.0,184000.0,0.22,51.1,33.12,1.57,1.57,1101.0,1.0
0.0,150.0,1400.0,2800.0,2.0,2.0,0.0,34.7,0.0,210000.0,0.0,0.0,0.0,1.57,0.75,183.2096534,2.0
0.0,60.0,1000.0,3000.0,3.0,3.0,0.25,15.4,7200.0,60000.0,0.12,34.38,6.31,1.89,1.89,86.85,3.0
0.0,120.0,2121.0,749.0,0.5,0.353135314,0.071885114,38.15,120000.0,345720.0,0.347101701,17.712,0.0,3.321,3.321,2511.0,1.0
0.0,180.0,1250.0,3125.0,2.5,2.5,0.0,19.5,34200.0,225000.0,0.15,56.51,0.0,0.95,1.08,368.8,1.0
0.0,120.0,1500.0,750.0,0.5,0.5,0.1,27.0,15600.0,180000.0,0.09,24.36,0.0,1.99,1.99,865.0,1.0
0.0,90.0,1802.0,3990.0,2.21,2.21,0.02,41.0,34225.0,197330.0,0.17,8.69,5.29,6.91,5.44,323.8748,2.0
0.0,101.6,1905.0,4572.0,2.39,2.4,0.0,45.3,93025.0,317622.0,0.29,16.32,5.47,1.21,2.75,752.9412,2.0
0.0,100.0,700.0,1500.0,1.8,2.14,0.24,29.4,10000.0,70000.0,0.14,47.1,2.76,1.84,3.06,302.82075,1.0
0.0,120.0,1300.0,1800.0,0.69,1.38,0.0,15.7,10404.0,152328.0,0.07,46.06,0.0,1.22,1.16,371.6513,1.0
0.0,90.0,430.0,725.0,2.79,1.69,0.2,59.6,1440.0,38700.0,0.04,42.85,0.0,11.43,4.31,121.0,2.0
